surface,surface_type,radius_mm,thickness_to_next_mm,material_after,index_193.368_nm,clear_semidiameter_mm,aspheric,K,C1_mm^-3,C2_mm^-5,C3_mm^-7,C4_mm^-9,C5_mm^-11,C6_mm^-13,vertex_z_mm
1,refractive,-404.542022000,36.232225000,SIO2,1.56078570,88.996,False,,,,,,,,0.000000000
2,refractive,-184.402723000,1.000090000,AIR,1.00000000,95.088,True,0,-2.722625e-09,7.584994e-13,9.846612e-17,6.877818e-21,1.011674e-24,-1.051032e-29,36.232225000
3,refractive,674.592973000,51.347982000,SIO2,1.56078570,102.076,False,,,,,,,,37.232315000
4,refractive,-174.232362000,144.581202000,AIR,1.00000000,102.829,False,,,,,,,,88.580297000
5,refractive,-162.800929000,14.999049000,CAF2,1.50185255,53.189,True,0,1.960629e-08,7.765801e-13,1.91774e-17,2.9107e-22,1.224735e-25,-3.42625e-30,233.161499000
6,refractive,-1456.920767000,15.293417000,AIR,1.00000000,63.896,False,,,,,,,,248.160548000
7,mirror,-202.841004000,-15.293417000,REFL,1.00000000,67.884,False,,,,,,,,263.453965000
8,refractive,-1456.920767000,-14.999049000,CAF2,1.50185255,67.836,False,,,,,,,,248.160548000
9,refractive,-162.800929000,-129.581898000,AIR,1.00000000,67.241,True,0,1.960629e-08,7.765801e-13,1.91774e-17,2.9107e-22,1.224735e-25,-3.42625e-30,233.161499000
10,mirror,-2538.490880000,174.873667000,REFL,1.00000000,89.519,True,0,-2.009517e-09,-9.097265e-14,-8.260726e-18,5.085547e-23,-1.203685e-26,-9.728791e-31,103.579601000
11,refractive,-391.507349000,46.632422000,SIO2,1.56078570,140.865,False,,,,,,,,278.453268000
12,refractive,-195.389639000,0.999852000,AIR,1.00000000,144.625,False,,,,,,,,325.085690000
13,refractive,1411.077988000,41.703225000,SIO2,1.56078570,160.805,True,0,4.68886e-12,-1.731249e-13,-6.240777e-19,4.036403e-23,-1.100969e-27,5.706583e-33,326.085542000
14,refractive,-529.305238000,0.999461000,AIR,1.00000000,162.519,False,,,,,,,,367.788767000
15,refractive,1458.778723000,34.033769000,SIO2,1.56078570,165.701,False,,,,,,,,368.788228000
16,refractive,-3002.433858000,1.088813000,AIR,1.00000000,166.002,False,,,,,,,,402.821997000
17,refractive,212.825771000,57.638065000,SIO2,1.56078570,165.361,False,,,,,,,,403.910810000
18,refractive,436.070633000,107.276235000,AIR,1.00000000,157.551,True,0,1.982111e-08,-8.423501e-14,-7.592975e-19,1.931064e-22,-5.204262e-27,8.86332e-32,461.548875000
19,refractive,807.065576000,13.824876000,SIO2,1.56078570,136.972,True,0,1.777327e-08,3.329332e-13,2.038481e-20,7.26394e-22,-3.379214e-26,6.878653e-31,568.825110000
20,refractive,290.022861000,105.550931000,AIR,1.00000000,129.323,False,,,,,,,,582.649986000
21,refractive,153.210365000,45.794134000,SIO2,1.56078570,102.069,False,,,,,,,,688.200917000
22,refractive,136.220631000,56.777310000,AIR,1.00000000,85.525,False,,,,,,,,733.995051000
23,refractive,-236.154610000,16.122149000,SIO2,1.56078570,84.150,True,0,-1.163364e-07,-9.570513e-13,4.236584e-17,-7.733258e-22,2.136062e-26,1.705507e-30,790.772361000
24,refractive,196.227428000,58.167782000,AIR,1.00000000,89.217,False,,,,,,,,806.894510000
25,refractive,-225.833560000,59.831340000,SIO2,1.56078570,97.239,False,,,,,,,,865.062292000
26,refractive,-193.684381000,3.215861000,AIR,1.00000000,118.689,False,,,,,,,,924.893632000
27,refractive,1270.382760000,13.092290000,SIO2,1.56078570,138.308,True,0,-7.203585e-09,1.049118e-13,-7.379754e-19,7.196196e-23,-9.945374e-28,4.329096e-32,928.109493000
28,refractive,444.089768000,15.430530000,AIR,1.00000000,145.054,False,,,,,,,,941.201783000
29,refractive,798.722954000,70.490347000,SIO2,1.56078570,148.503,False,,,,,,,,956.632313000
30,refractive,-372.865243000,1.829734000,AIR,1.00000000,155.186,False,,,,,,,,1027.122660000
31,refractive,1055.533545000,39.622524000,SIO2,1.56078570,165.276,False,,,,,,,,1028.952394000
32,refractive,-843.038518000,36.110674000,AIR,1.00000000,165.999,False,,,,,,,,1068.574918000
33,refractive,397.601006000,52.148862000,SIO2,1.56078570,165.961,False,,,,,,,,1104.685592000
34,refractive,-2316.548771000,-4.213465000,AIR,1.00000000,164.343,False,,,,,,,,1156.834454000
35,aperture_stop,0.000000000,0.000000000,AIR,1.00000000,163.851,False,,,,,,,,1152.620989000
36,plane,0.000000000,24.329363000,AIR,1.00000000,163.851,False,,,,,,,,1152.620989000
37,refractive,-584.913340000,13.012880000,SIO2,1.56078570,163.706,False,,,,,,,,1176.950352000
38,refractive,-1175.679472000,0.999882000,AIR,1.00000000,163.968,False,,,,,,,,1189.963232000
39,refractive,468.096624000,53.626064000,SIO2,1.56078570,161.375,False,,,,,,,,1190.963114000
40,refractive,-861.698483000,0.999930000,AIR,1.00000000,159.675,False,,,,,,,,1244.589178000
41,refractive,199.043165000,50.143874000,SIO2,1.56078570,132.604,False,,,,,,,,1245.589108000
42,refractive,1068.213664000,0.999723000,AIR,1.00000000,126.983,True,0,1.122901e-08,-3.595965e-14,-2.518839e-18,4.313506e-22,-1.564968e-26,3.22339e-31,1295.732982000
43,refractive,159.145519000,28.472240000,SIO2,1.56078570,103.283,False,,,,,,,,1296.732705000
44,refractive,185.472842000,1.000460000,AIR,1.00000000,90.240,True,0,1.449926e-08,5.832083e-13,6.97557e-17,3.546013e-21,-1.283131e-26,1.520482e-29,1325.204945000
45,refractive,118.935626000,36.986741000,CAF2,1.50185255,82.041,False,,,,,,,,1326.205405000
46,refractive,183.063185000,1.167554000,AIR,1.00000000,65.440,True,0,6.313252e-08,1.940331e-12,-2.373686e-16,-1.406348e-21,-1.469813e-25,9.58403e-29,1363.192146000
47,refractive,108.701433000,56.721488000,HIINDEX1,1.70196985,58.621,False,,,,,,,,1364.359700000
48,plane,0.000000000,1.996512000,HIINDEX2,1.59667693,18.135,False,,,,,,,,1421.081188000
